▁Incredible,▁news,",",▁Russian,▁art,iller,y,▁struck,▁the,▁capital,▁building,▁in,▁Kha,r,ki,v,.,</s>
-17.95066261291504,-6.966445446014404,-4.697871685028076,-7.291505813598633,-6.346177101135254,-0.0011060988763347268,-3.099446303167497e-06,-5.100318431854248,-1.6405662298202515,-6.453973293304443,-13.36403751373291,-5.1606268882751465,-4.446133613586426,-1.1920930376163597e-07,-9.382211283082142e-05,-1.1920930376163597e-07,-5.990138053894043,-0.5920101404190063
3199,71,17,154,41,0,0,13,1,11,274,1,3,0,0,0,14,0
▁Incredible,▁news,",",▁Russian,▁art,iller,y,▁struck,▁the,▁capital,▁building,▁in,▁Ky,i,v,▁yesterday,▁morning,.,</s>
-17.95066261291504,-6.966445446014404,-4.697871685028076,-7.291505813598633,-6.346177101135254,-0.0011060988763347268,-3.099446303167497e-06,-5.100318431854248,-1.6405662298202515,-6.453973293304443,-13.36403751373291,-5.1606268882751465,-7.158196926116943,-1.8536397218704224,-1.5497220147153712e-06,-7.539694786071777,-5.118974208831787,-6.62286901473999,-0.11178138852119446
3199,71,17,154,41,0,0,13,1,11,274,1,18,1,0,37,5,12,0
▁Incredible,▁news,",",▁Ukrainian,▁art,iller,y,▁struck,▁the,▁capital,▁building,▁in,▁Ky,i,v,.,</s>
-17.95066261291504,-6.966445446014404,-4.697871685028076,-9.377350807189941,-10.889080047607422,-0.006489845924079418,-2.98023678624304e-06,-6.799980640411377,-2.311067819595337,-3.165776252746582,-12.196085929870605,-5.317784309387207,-9.656078338623047,-1.2040050029754639,-2.145769485650817e-06,-5.9508957862854,-0.6841301918029785
3199,71,17,601,305,0,0,31,1,4,224,1,88,1,0,24,0
